oracle,"NOVEMBER 7, 2017",50.43,50.58,50.22,50.26
oracle,"NOVEMBER 6, 2017",50.10,50.55,50.02,50.40
oracle,"NOVEMBER 3, 2017",50.36,50.44,50.16,50.18
oracle,"NOVEMBER 2, 2017",50.54,50.70,50.12,50.28
oracle,"NOVEMBER 1, 2017",51.10,51.17,50.57,50.64
oracle,"OCTOBER 31, 2017",50.73,51.28,50.45,50.90
oracle,"OCTOBER 30, 2017",50.63,50.75,50.24,50.68
oracle,"OCTOBER 27, 2017",50.29,50.97,50.03,50.88
oracle,"OCTOBER 26, 2017",50.11,50.30,49.77,50.15
oracle,"OCTOBER 25, 2017",49.89,50.65,49.64,49.70
oracle,"OCTOBER 24, 2017",49.33,50.14,49.25,49.98
oracle,"OCTOBER 23, 2017",49.28,49.66,49.22,49.31
oracle,"OCTOBER 20, 2017",49.54,49.79,49.16,49.25
oracle,"OCTOBER 19, 2017",49.44,49.67,49.19,49.35
oracle,"OCTOBER 18, 2017",49.50,49.76,49.16,49.58
oracle,"OCTOBER 17, 2017",48.82,49.30,48.71,49.19
oracle,"OCTOBER 16, 2017",48.61,48.91,48.49,48.86
oracle,"OCTOBER 13, 2017",48.37,48.71,48.33,48.61
oracle,"OCTOBER 12, 2017",48.27,48.48,48.11,48.23
oracle,"OCTOBER 11, 2017",48.16,48.47,48.16,48.28
oracle,"OCTOBER 10, 2017",48.16,48.46,48.00,48.21
oracle,"OCTOBER 9, 2017",Dividend,,,
oracle,"OCTOBER 9, 2017",48.36,48.58,48.17,48.36
oracle,"OCTOBER 6, 2017",48.64,48.70,48.22,48.40
oracle,"OCTOBER 5, 2017",48.96,49.03,48.50,48.91
oracle,"OCTOBER 4, 2017",48.99,49.19,48.76,48.90
oracle,"OCTOBER 3, 2017",48.95,48.96,48.54,48.69
oracle,"OCTOBER 2, 2017",48.72,49.00,48.57,48.80
oracle,"SEPTEMBER 29, 2017",48.19,48.75,47.96,48.35
oracle,"SEPTEMBER 28, 2017",48.20,48.25,48.01,48.08
oracle,"SEPTEMBER 27, 2017",48.05,48.36,47.95,48.16
oracle,"SEPTEMBER 26, 2017",48.10,48.21,47.89,47.92
oracle,"SEPTEMBER 25, 2017",48.52,48.54,47.64,47.97
oracle,"SEPTEMBER 22, 2017",47.92,48.43,47.92,48.16
oracle,"SEPTEMBER 21, 2017",47.82,48.19,47.82,47.97
oracle,"SEPTEMBER 20, 2017",48.00,48.19,47.69,47.97
oracle,"SEPTEMBER 19, 2017",48.49,48.50,47.88,48.04
oracle,"SEPTEMBER 18, 2017",48.88,49.06,48.09,48.33
oracle,"SEPTEMBER 15, 2017",50.65,50.70,48.48,48.74
oracle,"SEPTEMBER 14, 2017",52.76,53.14,52.32,52.79
oracle,"SEPTEMBER 13, 2017",52.52,52.98,52.45,52.80
oracle,"SEPTEMBER 12, 2017",52.64,52.89,52.47,52.77
oracle,"SEPTEMBER 11, 2017",51.88,52.61,51.81,52.49
oracle,"SEPTEMBER 8, 2017",51.80,51.88,51.38,51.58
oracle,"SEPTEMBER 7, 2017",51.19,51.78,51.03,51.73
oracle,"SEPTEMBER 6, 2017",51.08,51.23,50.80,51.01
oracle,"SEPTEMBER 5, 2017",50.53,51.08,50.47,50.93
oracle,"SEPTEMBER 1, 2017",50.35,50.88,50.35,50.62
oracle,"AUGUST 31, 2017",49.88,50.52,49.84,50.33
oracle,"AUGUST 30, 2017",49.50,49.95,49.36,49.80
oracle,"AUGUST 29, 2017",48.88,49.57,48.75,49.45
oracle,"AUGUST 28, 2017",49.39,49.39,49.04,49.24
oracle,"AUGUST 25, 2017",49.44,49.44,49.15,49.24
oracle,"AUGUST 24, 2017",49.07,49.26,48.88,49.19
oracle,"AUGUST 23, 2017",49.06,49.43,48.94,49.07
oracle,"AUGUST 22, 2017",49.12,49.35,48.99,49.26
oracle,"AUGUST 21, 2017",48.65,48.96,48.54,48.90
oracle,"AUGUST 18, 2017",48.45,48.88,48.31,48.62
oracle,"AUGUST 17, 2017",49.17,49.31,48.55,48.55
oracle,"AUGUST 16, 2017",48.97,49.32,48.76,49.25
oracle,"AUGUST 15, 2017",48.89,49.06,48.77,48.83
oracle,"AUGUST 14, 2017",48.48,48.96,48.47,48.85
oracle,"AUGUST 11, 2017",48.18,48.44,47.98,48.24
oracle,"AUGUST 10, 2017",48.96,48.96,48.05,48.10
oracle,"AUGUST 9, 2017",48.98,49.39,48.86,49.06
oracle,"AUGUST 8, 2017",49.54,49.83,48.97,49.10
oracle,"AUGUST 7, 2017",50.00,50.09,49.53,49.64
oracle,"AUGUST 4, 2017",50.18,50.21,49.87,49.96
oracle,"AUGUST 3, 2017",49.92,50.41,49.73,50.23
oracle,"AUGUST 2, 2017",50.26,50.31,49.58,49.77
oracle,"AUGUST 1, 2017",50.15,50.22,49.82,50.16
oracle,"JULY 31, 2017",50.48,50.50,49.90,49.93
oracle,"JULY 28, 2017",50.19,50.49,50.04,50.30
oracle,"JULY 27, 2017",51.30,51.36,50.19,50.45
oracle,"JULY 26, 2017",51.15,51.19,51.02,51.17
oracle,"JULY 25, 2017",50.91,51.23,50.79,51.17
oracle,"JULY 24, 2017",50.80,50.90,50.61,50.76
oracle,"JULY 21, 2017",50.87,51.15,50.65,50.80
oracle,"JULY 20, 2017",51.14,51.26,50.84,51.13
oracle,"JULY 19, 2017",50.46,51.10,50.36,51.00
oracle,"JULY 18, 2017",50.34,50.70,50.16,50.45
oracle,"JULY 17, 2017",50.31,50.58,50.24,50.44
oracle,"JULY 16, 2017",Dividend,,,
oracle,"JULY 14, 2017",50.27,50.65,50.27,50.56
oracle,"JULY 13, 2017",50.55,50.68,50.25,50.35
oracle,"JULY 12, 2017",50.02,50.48,49.96,50.45
oracle,"JULY 11, 2017",49.53,49.89,49.41,49.88
oracle,"JULY 10, 2017",49.27,49.83,49.22,49.62
oracle,"JULY 7, 2017",48.83,49.44,48.83,49.35
oracle,"JULY 6, 2017",49.25,49.42,48.77,48.85
oracle,"JULY 5, 2017",49.80,50.03,49.41,49.46
oracle,"JULY 3, 2017",50.05,50.13,49.32,49.36
oracle,"JUNE 30, 2017",50.18,50.52,50.08,50.14
oracle,"JUNE 29, 2017",50.76,50.89,49.98,50.20
oracle,"JUNE 28, 2017",51.07,51.09,50.81,50.87
oracle,"JUNE 27, 2017",50.75,51.45,50.52,50.75
oracle,"JUNE 26, 2017",50.99,51.70,50.77,50.86
oracle,"JUNE 23, 2017",50.24,51.84,50.07,50.95
oracle,"JUNE 22, 2017",46.33,51.85,46.33,50.30
oracle,"JUNE 21, 2017",46.15,46.54,46.08,46.33
oracle,"JUNE 20, 2017",45.76,46.32,45.60,45.84
oracle,"JUNE 19, 2017",45.27,45.75,45.21,45.73
oracle,"JUNE 16, 2017",44.75,45.10,44.53,45.09
oracle,"JUNE 15, 2017",44.55,44.82,44.37,44.68
oracle,"JUNE 14, 2017",45.16,45.28,44.49,44.81
oracle,"JUNE 13, 2017",45.07,45.24,44.62,44.98
oracle,"JUNE 12, 2017",44.65,44.85,43.74,44.85
oracle,"JUNE 9, 2017",45.40,45.67,44.68,45.03
oracle,"JUNE 8, 2017",45.40,45.86,45.31,45.42
oracle,"JUNE 7, 2017",45.62,45.65,45.14,45.40
oracle,"JUNE 6, 2017",45.73,45.84,45.60,45.61
oracle,"JUNE 5, 2017",45.69,46.00,45.67,45.92
oracle,"JUNE 2, 2017",45.88,46.07,45.48,45.66
oracle,"JUNE 1, 2017",45.52,45.80,45.36,45.79
oracle,"MAY 31, 2017",45.42,45.55,45.26,45.39
oracle,"MAY 30, 2017",45.11,45.46,45.11,45.42
oracle,"MAY 26, 2017",45.21,45.45,45.06,45.26
oracle,"MAY 25, 2017",44.99,45.30,44.83,45.20
oracle,"MAY 24, 2017",44.65,44.88,44.50,44.83
oracle,"MAY 23, 2017",44.68,44.84,44.52,44.56
oracle,"MAY 22, 2017",44.33,44.65,44.28,44.63
oracle,"MAY 19, 2017",44.21,44.52,44.17,44.31
oracle,"MAY 18, 2017",44.06,44.41,43.60,44.17
oracle,"MAY 17, 2017",45.29,45.29,44.20,44.23
oracle,"MAY 16, 2017",45.36,45.37,45.15,45.29
oracle,"MAY 15, 2017",45.24,45.36,45.09,45.32
oracle,"MAY 12, 2017",45.01,45.15,44.92,45.08
oracle,"MAY 11, 2017",45.41,45.41,44.97,45.16
oracle,"MAY 10, 2017",45.52,45.56,45.29,45.53
oracle,"MAY 9, 2017",45.50,45.68,45.38,45.48
oracle,"MAY 8, 2017",45.48,45.71,45.42,45.56
oracle,"MAY 5, 2017",45.71,45.78,45.36,45.58
oracle,"MAY 4, 2017",44.96,45.78,44.95,45.47
oracle,"MAY 3, 2017",45.05,45.16,44.77,44.89
oracle,"MAY 2, 2017",45.00,45.35,44.97,45.13
oracle,"MAY 1, 2017",45.01,45.18,44.87,45.05
oracle,"APRIL 28, 2017",44.74,44.96,44.52,44.96
oracle,"APRIL 27, 2017",44.88,44.94,44.65,44.77
oracle,"APRIL 26, 2017",44.75,45.04,44.64,44.69
oracle,"APRIL 25, 2017",44.98,44.98,44.60,44.72
oracle,"APRIL 24, 2017",44.97,44.99,44.62,44.84
oracle,"APRIL 21, 2017",44.59,44.74,44.40,44.43
oracle,"APRIL 20, 2017",44.26,44.63,44.17,44.53
oracle,"APRIL 19, 2017",44.44,44.54,44.08,44.19
oracle,"APRIL 18, 2017",44.21,44.58,44.14,44.52
oracle,"APRIL 17, 2017",44.12,44.36,44.00,44.29
oracle,"APRIL 13, 2017",44.19,44.45,43.98,44.00
oracle,"APRIL 12, 2017",44.33,44.41,44.03,44.18
oracle,"APRIL 11, 2017",43.89,44.45,43.76,44.17
oracle,"APRIL 10, 2017",44.21,44.45,43.96,44.00
oracle,"APRIL 9, 2017",Dividend,,,
oracle,"APRIL 7, 2017",44.09,44.39,43.99,44.29
oracle,"APRIL 6, 2017",44.53,44.53,44.14,44.18
oracle,"APRIL 5, 2017",44.74,44.97,44.41,44.49
oracle,"APRIL 4, 2017",44.61,44.74,44.38,44.59
oracle,"APRIL 3, 2017",44.68,45.05,44.40,44.61
oracle,"MARCH 31, 2017",44.50,44.85,44.46,44.61
oracle,"MARCH 30, 2017",44.45,44.75,44.37,44.68
oracle,"MARCH 29, 2017",44.52,44.73,44.47,44.52
oracle,"MARCH 28, 2017",44.83,45.03,44.66,44.69
oracle,"MARCH 27, 2017",44.51,44.93,44.36,44.84
oracle,"MARCH 24, 2017",44.92,45.09,44.58,44.65
oracle,"MARCH 23, 2017",44.68,45.06,44.67,44.95
oracle,"MARCH 22, 2017",45.13,45.45,44.63,44.79
oracle,"MARCH 21, 2017",45.31,45.40,44.71,44.84
oracle,"MARCH 20, 2017",45.67,45.95,45.16,45.23
oracle,"MARCH 17, 2017",45.25,45.98,45.11,45.66
oracle,"MARCH 16, 2017",46.39,46.99,45.65,45.73
oracle,"MARCH 15, 2017",42.90,43.20,42.64,43.05
oracle,"MARCH 14, 2017",42.58,42.84,42.41,42.79
oracle,"MARCH 13, 2017",42.75,42.78,42.53,42.58
oracle,"MARCH 10, 2017",42.62,42.69,42.35,42.68
oracle,"MARCH 9, 2017",42.63,42.63,42.25,42.44
oracle,"MARCH 8, 2017",42.68,42.79,42.51,42.61
oracle,"MARCH 7, 2017",42.58,42.75,42.52,42.60
oracle,"MARCH 6, 2017",42.46,42.74,42.30,42.57
oracle,"MARCH 3, 2017",42.77,42.89,42.59,42.69
oracle,"MARCH 2, 2017",42.83,42.93,42.63,42.89
oracle,"MARCH 1, 2017",42.75,43.00,42.69,42.92
oracle,"FEBRUARY 28, 2017",42.62,42.75,42.42,42.59
oracle,"FEBRUARY 27, 2017",43.26,43.26,42.52,42.70
oracle,"FEBRUARY 24, 2017",42.74,43.19,42.68,43.17
oracle,"FEBRUARY 23, 2017",42.56,42.99,42.50,42.96
oracle,"FEBRUARY 22, 2017",42.26,42.52,42.13,42.51
oracle,"FEBRUARY 21, 2017",41.99,42.38,41.93,42.27
oracle,"FEBRUARY 17, 2017",41.54,42.06,41.50,42.06
oracle,"FEBRUARY 16, 2017",41.46,41.74,41.37,41.59
oracle,"FEBRUARY 15, 2017",40.96,41.48,40.89,41.41
oracle,"FEBRUARY 14, 2017",40.92,41.17,40.75,41.10
oracle,"FEBRUARY 13, 2017",40.89,41.19,40.80,41.09
oracle,"FEBRUARY 10, 2017",40.33,40.92,40.21,40.79
oracle,"FEBRUARY 9, 2017",40.02,40.45,40.02,40.23
oracle,"FEBRUARY 8, 2017",40.06,40.35,40.01,40.02
oracle,"FEBRUARY 7, 2017",40.16,40.30,40.04,40.07
oracle,"FEBRUARY 6, 2017",40.44,40.44,40.08,40.10
oracle,"FEBRUARY 3, 2017",40.07,40.43,39.95,40.43
oracle,"FEBRUARY 2, 2017",39.77,40.00,39.68,39.98
oracle,"FEBRUARY 1, 2017",40.22,40.22,39.71,39.84
oracle,"JANUARY 31, 2017",40.21,40.25,39.67,40.11
oracle,"JANUARY 30, 2017",40.11,40.25,39.81,40.23
oracle,"JANUARY 27, 2017",40.20,40.39,40.13,40.23
oracle,"JANUARY 26, 2017",40.21,40.25,39.95,40.13
oracle,"JANUARY 25, 2017",40.32,40.38,39.95,40.15
oracle,"JANUARY 24, 2017",39.85,40.20,39.75,40.10
oracle,"JANUARY 23, 2017",39.76,40.09,39.43,39.68
oracle,"JANUARY 20, 2017",39.46,40.03,39.45,39.87
oracle,"JANUARY 19, 2017",39.12,39.38,39.10,39.21
oracle,"JANUARY 18, 2017",39.28,39.34,39.03,39.19
oracle,"JANUARY 17, 2017",39.07,39.28,38.89,39.10
oracle,"JANUARY 13, 2017",39.16,39.33,39.03,39.26
oracle,"JANUARY 12, 2017",39.03,39.32,38.59,39.20
oracle,"JANUARY 11, 2017",38.64,39.13,38.64,39.11
oracle,"JANUARY 10, 2017",39.00,39.07,38.66,38.66
oracle,"JANUARY 9, 2017",38.53,39.45,38.47,39.03
oracle,"JANUARY 6, 2017",38.75,38.75,38.38,38.45
oracle,"JANUARY 5, 2017",38.67,38.95,38.41,38.64
oracle,"JANUARY 4, 2017",38.55,38.92,38.55,38.74
oracle,"JANUARY 3, 2017",38.45,38.69,38.30,38.55
oracle,"JANUARY 2, 2017",Dividend,,,
oracle,"DECEMBER 30, 2016",38.75,38.86,38.34,38.45
oracle,"DECEMBER 29, 2016",38.61,38.84,38.61,38.69
oracle,"DECEMBER 28, 2016",38.87,38.92,38.63,38.68
oracle,"DECEMBER 27, 2016",38.77,39.04,38.76,38.82
oracle,"DECEMBER 23, 2016",38.79,39.02,38.63,38.78
oracle,"DECEMBER 22, 2016",38.93,39.24,38.60,38.96
oracle,"DECEMBER 21, 2016",39.06,39.06,38.61,38.83
oracle,"DECEMBER 20, 2016",38.96,39.11,38.80,39.00
oracle,"DECEMBER 19, 2016",39.03,39.19,38.59,38.90
oracle,"DECEMBER 16, 2016",40.22,40.22,38.76,39.10
oracle,"DECEMBER 15, 2016",40.95,41.14,40.74,40.86
oracle,"DECEMBER 14, 2016",40.87,41.09,40.62,40.88
oracle,"DECEMBER 13, 2016",40.47,41.00,40.47,40.76
oracle,"DECEMBER 12, 2016",40.35,40.70,40.35,40.51
oracle,"DECEMBER 9, 2016",40.41,40.77,40.28,40.52
oracle,"DECEMBER 8, 2016",40.32,40.49,40.08,40.35
oracle,"DECEMBER 7, 2016",39.50,40.37,39.49,40.32
oracle,"DECEMBER 6, 2016",39.01,39.48,38.88,39.47
oracle,"DECEMBER 5, 2016",38.60,39.11,38.54,38.97
oracle,"DECEMBER 2, 2016",38.46,38.83,37.64,38.50
oracle,"DECEMBER 1, 2016",40.11,40.18,38.46,38.70
oracle,"NOVEMBER 30, 2016",40.66,40.70,40.19,40.19
oracle,"NOVEMBER 29, 2016",40.34,40.74,40.13,40.55
oracle,"NOVEMBER 28, 2016",40.13,40.53,40.05,40.30
oracle,"NOVEMBER 25, 2016",40.04,40.35,40.04,40.27
oracle,"NOVEMBER 23, 2016",40.05,40.10,39.84,40.10
oracle,"NOVEMBER 22, 2016",40.09,40.12,39.81,40.09
oracle,"NOVEMBER 21, 2016",39.97,40.03,39.67,39.89
oracle,"NOVEMBER 18, 2016",40.28,40.49,39.67,39.86
oracle,"NOVEMBER 17, 2016",39.80,40.29,39.67,40.25
oracle,"NOVEMBER 16, 2016",39.10,39.80,38.92,39.70
oracle,"NOVEMBER 15, 2016",38.89,39.22,38.68,39.17
oracle,"NOVEMBER 14, 2016",39.39,39.67,39.11,39.30
oracle,"NOVEMBER 11, 2016",39.54,39.81,39.18,39.45
oracle,"NOVEMBER 10, 2016",39.65,40.06,39.30,39.58
oracle,"NOVEMBER 9, 2016",38.56,39.74,38.39,39.55
oracle,"NOVEMBER 8, 2016",39.16,39.35,38.98,39.13
oracle,"NOVEMBER 7, 2016",38.73,39.15,38.72,39.09
oracle,unknown,,,,
oracle,unknown,,,,
apple,"NOVEMBER 7, 2017",173.91,175.25,173.60,175.22
apple,"NOVEMBER 6, 2017",172.37,174.99,171.72,174.25
apple,"NOVEMBER 3, 2017",174.00,174.26,171.12,172.50
apple,"NOVEMBER 2, 2017",166.60,168.50,165.28,168.11
apple,"NOVEMBER 1, 2017",169.87,169.94,165.61,166.89
apple,"OCTOBER 31, 2017",167.90,169.65,166.94,169.04
apple,"OCTOBER 30, 2017",163.89,168.07,163.72,166.72
apple,"OCTOBER 27, 2017",159.29,163.60,158.70,163.05
apple,"OCTOBER 26, 2017",157.23,157.83,156.78,157.41
apple,"OCTOBER 25, 2017",156.91,157.55,155.27,156.41
apple,"OCTOBER 24, 2017",156.29,157.42,156.20,157.10
apple,"OCTOBER 23, 2017",156.89,157.69,155.50,156.17
apple,"OCTOBER 20, 2017",156.61,157.75,155.96,156.25
apple,"OCTOBER 19, 2017",156.75,157.08,155.02,155.98
apple,"OCTOBER 18, 2017",160.42,160.71,159.60,159.76
apple,"OCTOBER 17, 2017",159.78,160.87,159.23,160.47
apple,"OCTOBER 16, 2017",157.90,160.00,157.65,159.88
apple,"OCTOBER 13, 2017",156.73,157.28,156.41,156.99
apple,"OCTOBER 12, 2017",156.35,157.37,155.73,156.00
apple,"OCTOBER 11, 2017",155.97,156.98,155.75,156.55
apple,"OCTOBER 10, 2017",156.06,158.00,155.10,155.90
apple,"OCTOBER 9, 2017",155.81,156.73,155.49,155.84
apple,"OCTOBER 6, 2017",154.97,155.49,154.56,155.30
apple,"OCTOBER 5, 2017",154.18,155.44,154.05,155.39
apple,"OCTOBER 4, 2017",153.63,153.86,152.46,153.48
apple,"OCTOBER 3, 2017",154.01,155.09,153.91,154.48
apple,"OCTOBER 2, 2017",154.26,154.45,152.72,153.81
apple,"SEPTEMBER 29, 2017",153.21,154.13,152.00,154.12
apple,"SEPTEMBER 28, 2017",153.89,154.28,152.70,153.28
apple,"SEPTEMBER 27, 2017",153.80,154.72,153.54,154.23
apple,"SEPTEMBER 26, 2017",151.78,153.92,151.69,153.14
apple,"SEPTEMBER 25, 2017",149.99,151.83,149.16,150.55
apple,"SEPTEMBER 22, 2017",151.54,152.27,150.56,151.89
apple,"SEPTEMBER 21, 2017",155.80,155.80,152.75,153.39
apple,"SEPTEMBER 20, 2017",157.90,158.26,153.83,156.07
apple,"SEPTEMBER 19, 2017",159.51,159.77,158.44,158.73
apple,"SEPTEMBER 18, 2017",160.11,160.50,158.00,158.67
apple,"SEPTEMBER 15, 2017",158.47,160.97,158.00,159.88
apple,"SEPTEMBER 14, 2017",158.99,159.40,158.09,158.28
apple,"SEPTEMBER 13, 2017",159.87,159.96,157.91,159.65
apple,"SEPTEMBER 12, 2017",162.61,163.96,158.77,160.86
apple,"SEPTEMBER 11, 2017",160.50,162.05,159.89,161.50
apple,"SEPTEMBER 8, 2017",160.86,161.15,158.53,158.63
apple,"SEPTEMBER 7, 2017",162.09,162.24,160.36,161.26
apple,"SEPTEMBER 6, 2017",162.71,162.99,160.52,161.91
apple,"SEPTEMBER 5, 2017",163.75,164.25,160.56,162.08
apple,"SEPTEMBER 1, 2017",164.80,164.94,163.63,164.05
apple,"AUGUST 31, 2017",163.64,164.52,163.48,164.00
apple,"AUGUST 30, 2017",163.80,163.89,162.61,163.35
apple,"AUGUST 29, 2017",160.10,163.12,160.00,162.91
apple,"AUGUST 28, 2017",160.14,162.00,159.93,161.47
apple,"AUGUST 25, 2017",159.65,160.56,159.27,159.86
apple,"AUGUST 24, 2017",160.43,160.74,158.55,159.27
apple,"AUGUST 23, 2017",159.07,160.47,158.88,159.98
apple,"AUGUST 22, 2017",158.23,160.00,158.02,159.78
apple,"AUGUST 21, 2017",157.50,157.89,155.11,157.21
apple,"AUGUST 18, 2017",157.86,159.50,156.72,157.50
apple,"AUGUST 17, 2017",160.52,160.71,157.84,157.86
apple,"AUGUST 16, 2017",161.94,162.51,160.15,160.95
apple,"AUGUST 15, 2017",160.66,162.20,160.14,161.60
apple,"AUGUST 14, 2017",159.32,160.21,158.75,159.85
apple,"AUGUST 11, 2017",156.60,158.57,156.07,157.48
apple,"AUGUST 10, 2017",159.90,160.00,154.63,155.32
apple,"AUGUST 9, 2017",Dividend,,,
apple,"AUGUST 9, 2017",159.26,161.27,159.11,161.06
apple,"AUGUST 8, 2017",158.60,161.83,158.27,160.08
apple,"AUGUST 7, 2017",157.06,158.92,156.67,158.81
apple,"AUGUST 4, 2017",156.07,157.40,155.69,156.39
apple,"AUGUST 3, 2017",157.05,157.21,155.02,155.57
apple,"AUGUST 2, 2017",159.28,159.75,156.16,157.14
apple,"AUGUST 1, 2017",149.10,150.22,148.41,150.05
apple,"JULY 31, 2017",149.90,150.33,148.13,148.73
apple,"JULY 28, 2017",149.89,150.23,149.19,149.50
apple,"JULY 27, 2017",153.75,153.99,147.30,150.56
apple,"JULY 26, 2017",153.35,153.93,153.06,153.46
apple,"JULY 25, 2017",151.80,153.84,151.80,152.74
apple,"JULY 24, 2017",150.58,152.44,149.90,152.09
apple,"JULY 21, 2017",149.99,150.44,148.88,150.27
apple,"JULY 20, 2017",151.50,151.74,150.19,150.34
apple,"JULY 19, 2017",150.48,151.42,149.95,151.02
apple,"JULY 18, 2017",149.20,150.13,148.67,150.08
apple,"JULY 17, 2017",148.82,150.90,148.57,149.56
apple,"JULY 14, 2017",147.97,149.33,147.33,149.04
apple,"JULY 13, 2017",145.50,148.49,145.44,147.77
apple,"JULY 12, 2017",145.87,146.18,144.82,145.74
apple,"JULY 11, 2017",144.73,145.85,144.38,145.53
apple,"JULY 10, 2017",144.11,145.95,143.37,145.06
apple,"JULY 7, 2017",142.90,144.75,142.90,144.18
apple,"JULY 6, 2017",143.02,143.50,142.41,142.73
apple,"JULY 5, 2017",143.69,144.79,142.72,144.09
apple,"JULY 3, 2017",144.88,145.30,143.10,143.50
apple,"JUNE 30, 2017",144.45,144.96,143.78,144.02
apple,"JUNE 29, 2017",144.71,145.13,142.28,143.68
apple,"JUNE 28, 2017",144.49,146.11,143.16,145.83
apple,"JUNE 27, 2017",145.01,146.16,143.62,143.73
apple,"JUNE 26, 2017",147.17,148.28,145.38,145.82
apple,"JUNE 23, 2017",145.13,147.16,145.11,146.28
apple,"JUNE 22, 2017",145.77,146.70,145.12,145.63
apple,"JUNE 21, 2017",145.52,146.07,144.61,145.87
apple,"JUNE 20, 2017",146.87,146.87,144.94,145.01
apple,"JUNE 19, 2017",143.66,146.74,143.66,146.34
apple,"JUNE 16, 2017",143.78,144.50,142.20,142.27
apple,"JUNE 15, 2017",143.32,144.48,142.21,144.29
apple,"JUNE 14, 2017",147.50,147.50,143.84,145.16
apple,"JUNE 13, 2017",147.16,147.45,145.15,146.59
apple,"JUNE 12, 2017",145.74,146.09,142.51,145.42
apple,"JUNE 9, 2017",155.19,155.19,146.02,148.98
apple,"JUNE 8, 2017",155.25,155.54,154.40,154.99
apple,"JUNE 7, 2017",155.02,155.98,154.48,155.37
apple,"JUNE 6, 2017",153.90,155.81,153.78,154.45
apple,"JUNE 5, 2017",154.34,154.45,153.46,153.93
apple,"JUNE 2, 2017",153.58,155.45,152.89,155.45
apple,"JUNE 1, 2017",153.17,153.33,152.22,153.18
apple,"MAY 31, 2017",153.97,154.17,152.38,152.76
apple,"MAY 30, 2017",153.42,154.43,153.33,153.67
apple,"MAY 26, 2017",154.00,154.24,153.31,153.61
apple,"MAY 25, 2017",153.73,154.35,153.03,153.87
apple,"MAY 24, 2017",153.84,154.17,152.67,153.34
apple,"MAY 23, 2017",154.90,154.90,153.31,153.80
apple,"MAY 22, 2017",154.00,154.58,152.91,153.99
apple,"MAY 19, 2017",153.38,153.98,152.63,153.06
apple,"MAY 18, 2017",151.27,153.34,151.13,152.54
apple,"MAY 17, 2017",153.60,154.57,149.71,150.25
apple,"MAY 16, 2017",155.94,156.06,154.72,155.47
apple,"MAY 15, 2017",156.01,156.65,155.05,155.70
apple,"MAY 12, 2017",154.70,156.42,154.67,156.10
apple,"MAY 11, 2017",152.45,154.07,152.31,153.95
apple,"MAY 10, 2017",Dividend,,,
apple,"MAY 10, 2017",153.63,153.94,152.11,153.26
apple,"MAY 9, 2017",153.87,154.88,153.45,153.99
apple,"MAY 8, 2017",149.03,153.70,149.03,153.01
apple,"MAY 5, 2017",146.76,148.98,146.76,148.96
apple,"MAY 4, 2017",146.52,147.14,145.81,146.53
apple,"MAY 3, 2017",145.59,147.49,144.27,147.06
apple,"MAY 2, 2017",147.54,148.09,146.84,147.51
apple,"MAY 1, 2017",145.10,147.20,144.96,146.58
apple,"APRIL 28, 2017",144.09,144.30,143.27,143.65
apple,"APRIL 27, 2017",143.92,144.16,143.31,143.79
apple,"APRIL 26, 2017",144.47,144.60,143.38,143.68
apple,"APRIL 25, 2017",143.91,144.90,143.87,144.53
apple,"APRIL 24, 2017",143.50,143.95,143.18,143.64
apple,"APRIL 21, 2017",142.44,142.68,141.85,142.27
apple,"APRIL 20, 2017",141.22,142.92,141.16,142.44
apple,"APRIL 19, 2017",141.88,142.00,140.45,140.68
apple,"APRIL 18, 2017",141.41,142.04,141.11,141.20
apple,"APRIL 17, 2017",141.48,141.88,140.87,141.83
apple,"APRIL 13, 2017",141.91,142.38,141.05,141.05
apple,"APRIL 12, 2017",141.60,142.15,141.01,141.80
apple,"APRIL 11, 2017",142.94,143.35,140.06,141.63
apple,"APRIL 10, 2017",143.60,143.88,142.90,143.17
apple,"APRIL 7, 2017",143.73,144.18,143.27,143.34
apple,"APRIL 6, 2017",144.29,144.52,143.45,143.66
apple,"APRIL 5, 2017",144.22,145.46,143.81,144.02
apple,"APRIL 4, 2017",143.25,144.89,143.17,144.77
apple,"APRIL 3, 2017",143.71,144.12,143.05,143.70
apple,"MARCH 31, 2017",143.72,144.27,143.01,143.66
apple,"MARCH 30, 2017",144.19,144.50,143.50,143.93
apple,"MARCH 29, 2017",143.68,144.49,143.19,144.12
apple,"MARCH 28, 2017",140.91,144.04,140.62,143.80
apple,"MARCH 27, 2017",139.39,141.22,138.62,140.88
apple,"MARCH 24, 2017",141.50,141.74,140.35,140.64
apple,"MARCH 23, 2017",141.26,141.58,140.61,140.92
apple,"MARCH 22, 2017",139.85,141.60,139.76,141.42
apple,"MARCH 21, 2017",142.11,142.80,139.73,139.84
apple,"MARCH 20, 2017",140.40,141.50,140.23,141.46
apple,"MARCH 17, 2017",141.00,141.00,139.89,139.99
apple,"MARCH 16, 2017",140.72,141.02,140.26,140.69
apple,"MARCH 15, 2017",139.41,140.75,139.03,140.46
apple,"MARCH 14, 2017",139.30,139.65,138.84,138.99
apple,"MARCH 13, 2017",138.85,139.43,138.82,139.20
apple,"MARCH 10, 2017",139.25,139.36,138.64,139.14
apple,"MARCH 9, 2017",138.74,138.79,137.05,138.68
apple,"MARCH 8, 2017",138.95,139.80,138.82,139.00
apple,"MARCH 7, 2017",139.06,139.98,138.79,139.52
apple,"MARCH 6, 2017",139.37,139.77,138.60,139.34
apple,"MARCH 3, 2017",138.78,139.83,138.59,139.78
apple,"MARCH 2, 2017",140.00,140.28,138.76,138.96
apple,"MARCH 1, 2017",137.89,140.15,137.60,139.79
apple,"FEBRUARY 28, 2017",137.08,137.44,136.70,136.99
apple,"FEBRUARY 27, 2017",137.14,137.44,136.28,136.93
apple,"FEBRUARY 24, 2017",135.91,136.66,135.28,136.66
apple,"FEBRUARY 23, 2017",137.38,137.48,136.30,136.53
apple,"FEBRUARY 22, 2017",136.43,137.12,136.11,137.11
apple,"FEBRUARY 21, 2017",136.23,136.75,135.98,136.70
apple,"FEBRUARY 17, 2017",135.10,135.83,135.10,135.72
apple,"FEBRUARY 16, 2017",135.67,135.90,134.84,135.35
apple,"FEBRUARY 15, 2017",135.52,136.27,134.62,135.51
apple,"FEBRUARY 14, 2017",133.47,135.09,133.25,135.02
apple,"FEBRUARY 13, 2017",133.08,133.82,132.75,133.29
apple,"FEBRUARY 10, 2017",132.46,132.94,132.05,132.12
apple,"FEBRUARY 9, 2017",131.65,132.45,131.12,132.42
apple,"FEBRUARY 8, 2017",Dividend,,,
apple,"FEBRUARY 8, 2017",131.35,132.22,131.22,132.04
apple,"FEBRUARY 7, 2017",130.54,132.09,130.45,131.53
apple,"FEBRUARY 6, 2017",129.13,130.50,128.90,130.29
apple,"FEBRUARY 3, 2017",128.31,129.19,128.16,129.08
apple,"FEBRUARY 2, 2017",127.98,129.39,127.78,128.53
apple,"FEBRUARY 1, 2017",127.03,130.49,127.01,128.75
apple,"JANUARY 31, 2017",121.15,121.39,120.62,121.35
apple,"JANUARY 30, 2017",120.93,121.63,120.66,121.63
apple,"JANUARY 27, 2017",122.14,122.35,121.60,121.95
apple,"JANUARY 26, 2017",121.67,122.44,121.60,121.94
apple,"JANUARY 25, 2017",120.42,122.10,120.28,121.88
apple,"JANUARY 24, 2017",119.55,120.10,119.50,119.97
apple,"JANUARY 23, 2017",120.00,120.81,119.77,120.08
apple,"JANUARY 20, 2017",120.45,120.45,119.73,120.00
apple,"JANUARY 19, 2017",119.40,120.09,119.37,119.78
apple,"JANUARY 18, 2017",120.00,120.50,119.71,119.99
apple,"JANUARY 17, 2017",118.34,120.24,118.22,120.00
apple,"JANUARY 13, 2017",119.11,119.62,118.81,119.04
apple,"JANUARY 12, 2017",118.90,119.30,118.21,119.25
apple,"JANUARY 11, 2017",118.74,119.93,118.60,119.75
apple,"JANUARY 10, 2017",118.77,119.38,118.30,119.11
apple,"JANUARY 9, 2017",117.95,119.43,117.94,118.99
apple,"JANUARY 6, 2017",116.78,118.16,116.47,117.91
apple,"JANUARY 5, 2017",115.92,116.86,115.81,116.61
apple,"JANUARY 4, 2017",115.85,116.51,115.75,116.02
apple,"JANUARY 3, 2017",115.80,116.33,114.76,116.15
apple,"DECEMBER 30, 2016",116.65,117.20,115.43,115.82
apple,"DECEMBER 29, 2016",116.45,117.11,116.40,116.73
apple,"DECEMBER 28, 2016",117.52,118.02,116.20,116.76
apple,"DECEMBER 27, 2016",116.52,117.80,116.49,117.26
apple,"DECEMBER 23, 2016",115.59,116.52,115.59,116.52
apple,"DECEMBER 22, 2016",116.35,116.51,115.64,116.29
apple,"DECEMBER 21, 2016",116.80,117.40,116.78,117.06
apple,"DECEMBER 20, 2016",116.74,117.50,116.68,116.95
apple,"DECEMBER 19, 2016",115.80,117.38,115.75,116.64
apple,"DECEMBER 16, 2016",116.47,116.50,115.65,115.97
apple,"DECEMBER 15, 2016",115.38,116.73,115.23,115.82
apple,"DECEMBER 14, 2016",115.04,116.20,114.98,115.19
apple,"DECEMBER 13, 2016",113.84,115.92,113.75,115.19
apple,"DECEMBER 12, 2016",113.29,115.00,112.49,113.30
apple,"DECEMBER 9, 2016",112.31,114.70,112.31,113.95
apple,"DECEMBER 8, 2016",110.86,112.43,110.60,112.12
apple,"DECEMBER 7, 2016",109.26,111.19,109.16,111.03
apple,"DECEMBER 6, 2016",109.50,110.36,109.19,109.95
apple,"DECEMBER 5, 2016",110.00,110.03,108.25,109.11
apple,"DECEMBER 2, 2016",109.17,110.09,108.85,109.90
apple,"DECEMBER 1, 2016",110.37,110.94,109.03,109.49
apple,"NOVEMBER 30, 2016",111.60,112.20,110.27,110.52
apple,"NOVEMBER 29, 2016",110.78,112.03,110.07,111.46
apple,"NOVEMBER 28, 2016",111.43,112.47,111.39,111.57
apple,"NOVEMBER 25, 2016",111.13,111.87,110.95,111.79
apple,"NOVEMBER 23, 2016",111.36,111.51,110.33,111.23
apple,"NOVEMBER 22, 2016",111.95,112.42,111.40,111.80
apple,"NOVEMBER 21, 2016",110.12,111.99,110.01,111.73
apple,"NOVEMBER 18, 2016",109.72,110.54,109.66,110.06
apple,"NOVEMBER 17, 2016",109.81,110.35,108.83,109.95
apple,"NOVEMBER 16, 2016",106.70,110.23,106.60,109.99
apple,"NOVEMBER 15, 2016",106.57,107.68,106.16,107.11
apple,"NOVEMBER 14, 2016",107.71,107.81,104.08,105.71
apple,"NOVEMBER 11, 2016",107.12,108.87,106.55,108.43
apple,"NOVEMBER 10, 2016",111.09,111.09,105.83,107.79
apple,"NOVEMBER 9, 2016",109.88,111.32,108.05,110.88
apple,"NOVEMBER 8, 2016",110.31,111.72,109.70,111.06
apple,"NOVEMBER 7, 2016",110.08,110.51,109.46,110.41
apple,unknown,,,,
apple,unknown,,,,
apple,unknown,,,,
accenture,"NOVEMBER 7, 2017",144.48,144.48,143.63,144.07
accenture,"NOVEMBER 6, 2017",143.12,144.21,142.29,143.93
accenture,"NOVEMBER 3, 2017",143.43,144.69,143.10,144.04
accenture,"NOVEMBER 2, 2017",142.50,143.78,141.93,143.43
accenture,"NOVEMBER 1, 2017",142.26,143.19,141.47,142.96
accenture,"OCTOBER 31, 2017",143.18,143.29,142.16,142.36
accenture,"OCTOBER 30, 2017",143.39,143.78,142.13,143.29
accenture,"OCTOBER 27, 2017",142.64,143.61,141.99,143.28
accenture,"OCTOBER 26, 2017",141.58,142.91,141.34,141.97
accenture,"OCTOBER 25, 2017",139.00,141.24,138.66,141.16
accenture,"OCTOBER 24, 2017",139.34,139.43,138.05,138.91
accenture,"OCTOBER 23, 2017",139.75,140.17,139.05,139.33
accenture,"OCTOBER 20, 2017",139.17,139.50,138.51,139.49
accenture,"OCTOBER 19, 2017",137.45,138.67,136.84,138.62
accenture,"OCTOBER 18, 2017",138.23,138.63,137.36,137.42
accenture,"OCTOBER 17, 2017",Dividend,,,
accenture,"OCTOBER 17, 2017",138.91,139.28,138.28,138.65
accenture,"OCTOBER 16, 2017",139.43,139.57,138.12,139.09
accenture,"OCTOBER 13, 2017",139.58,140.00,138.20,139.20
accenture,"OCTOBER 12, 2017",136.98,139.65,136.14,139.20
accenture,"OCTOBER 11, 2017",137.19,137.52,136.41,136.91
accenture,"OCTOBER 10, 2017",137.00,138.00,136.85,137.52
accenture,"OCTOBER 9, 2017",136.25,137.00,136.03,136.99
accenture,"OCTOBER 6, 2017",136.16,136.97,135.72,136.25
accenture,"OCTOBER 5, 2017",135.50,136.37,135.27,136.22
accenture,"OCTOBER 4, 2017",134.52,135.68,134.46,135.16
accenture,"OCTOBER 3, 2017",134.84,135.97,133.66,134.25
accenture,"OCTOBER 2, 2017",135.23,135.84,134.62,135.44
accenture,"SEPTEMBER 29, 2017",136.91,137.57,134.84,135.07
accenture,"SEPTEMBER 28, 2017",132.79,137.68,132.27,136.32
accenture,"SEPTEMBER 27, 2017",137.32,137.54,136.12,136.64
accenture,"SEPTEMBER 26, 2017",138.50,138.70,136.75,136.84
accenture,"SEPTEMBER 25, 2017",137.94,138.27,137.26,138.16
accenture,"SEPTEMBER 22, 2017",136.68,138.00,136.50,137.90
accenture,"SEPTEMBER 21, 2017",137.95,138.12,136.57,136.66
accenture,"SEPTEMBER 20, 2017",136.01,138.15,136.01,138.01
accenture,"SEPTEMBER 19, 2017",137.00,137.79,136.71,136.71
accenture,"SEPTEMBER 18, 2017",135.49,137.35,135.49,136.94
accenture,"SEPTEMBER 15, 2017",135.00,135.65,134.04,135.35
accenture,"SEPTEMBER 14, 2017",134.50,135.24,134.00,134.86
accenture,"SEPTEMBER 13, 2017",135.91,136.17,134.21,134.78
accenture,"SEPTEMBER 12, 2017",136.56,136.95,136.01,136.22
accenture,"SEPTEMBER 11, 2017",134.62,136.26,133.61,136.23
accenture,"SEPTEMBER 8, 2017",134.41,134.97,133.65,133.72
accenture,"SEPTEMBER 7, 2017",131.50,134.83,131.36,134.24
accenture,"SEPTEMBER 6, 2017",130.21,131.38,130.05,131.12
accenture,"SEPTEMBER 5, 2017",130.10,130.39,129.10,129.77
accenture,"SEPTEMBER 1, 2017",130.95,130.95,129.87,130.10
accenture,"AUGUST 31, 2017",130.00,130.92,129.83,130.76
accenture,"AUGUST 30, 2017",129.65,129.96,129.09,129.79
accenture,"AUGUST 29, 2017",128.47,129.99,128.29,129.66
accenture,"AUGUST 28, 2017",129.71,129.90,129.02,129.24
accenture,"AUGUST 25, 2017",129.32,129.78,129.18,129.39
accenture,"AUGUST 24, 2017",128.59,129.08,128.27,128.67
accenture,"AUGUST 23, 2017",128.68,129.14,128.28,128.36
accenture,"AUGUST 22, 2017",128.56,129.47,127.99,129.31
accenture,"AUGUST 21, 2017",127.49,128.31,127.26,128.17
accenture,"AUGUST 18, 2017",127.73,128.29,127.27,127.44
accenture,"AUGUST 17, 2017",129.88,130.03,127.56,127.59
accenture,"AUGUST 16, 2017",129.66,130.49,129.40,130.03
accenture,"AUGUST 15, 2017",129.41,129.80,128.74,129.38
accenture,"AUGUST 14, 2017",128.88,129.87,128.63,129.69
accenture,"AUGUST 11, 2017",128.67,128.71,128.12,128.20
accenture,"AUGUST 10, 2017",129.22,129.78,128.19,128.24
accenture,"AUGUST 9, 2017",129.01,129.78,128.92,129.62
accenture,"AUGUST 8, 2017",129.32,129.89,128.94,129.13
accenture,"AUGUST 7, 2017",129.83,130.35,129.38,129.68
accenture,"AUGUST 4, 2017",130.06,130.67,129.54,130.20
accenture,"AUGUST 3, 2017",129.22,130.28,127.99,130.02
accenture,"AUGUST 2, 2017",129.70,129.84,128.53,128.62
accenture,"AUGUST 1, 2017",129.10,129.89,128.95,129.86
accenture,"JULY 31, 2017",128.50,129.16,128.19,128.82
accenture,"JULY 28, 2017",127.98,128.53,127.31,128.40
accenture,"JULY 27, 2017",129.70,129.70,127.42,128.16
accenture,"JULY 26, 2017",129.00,129.61,128.74,129.51
accenture,"JULY 25, 2017",128.25,129.31,127.68,128.95
accenture,"JULY 24, 2017",128.27,128.50,127.59,128.01
accenture,"JULY 21, 2017",128.54,128.96,128.01,128.85
accenture,"JULY 20, 2017",127.90,128.76,127.65,128.54
accenture,"JULY 19, 2017",127.50,128.00,126.72,127.78
accenture,"JULY 18, 2017",126.25,127.57,125.48,127.37
accenture,"JULY 17, 2017",126.77,127.05,126.15,126.42
accenture,"JULY 14, 2017",126.19,126.96,125.73,126.70
accenture,"JULY 13, 2017",125.70,126.35,125.44,125.73
accenture,"JULY 12, 2017",124.30,125.48,124.12,125.47
accenture,"JULY 11, 2017",124.06,124.10,123.20,123.85
accenture,"JULY 10, 2017",124.05,124.37,123.59,124.06
accenture,"JULY 7, 2017",123.55,124.75,123.07,124.21
accenture,"JULY 6, 2017",123.35,123.63,122.03,122.94
accenture,"JULY 5, 2017",124.00,124.78,123.99,124.05
accenture,"JULY 3, 2017",123.82,124.88,123.79,123.93
accenture,"JUNE 30, 2017",123.30,124.40,123.15,123.68
accenture,"JUNE 29, 2017",123.50,123.50,122.61,122.99
accenture,"JUNE 28, 2017",122.78,123.83,122.19,123.74
accenture,"JUNE 27, 2017",122.50,122.84,122.00,122.19
accenture,"JUNE 26, 2017",123.15,124.05,122.28,122.34
accenture,"JUNE 23, 2017",122.14,123.62,121.72,122.74
accenture,"JUNE 22, 2017",122.97,123.90,119.10,122.08
accenture,"JUNE 21, 2017",127.07,127.18,126.03,127.11
accenture,"JUNE 20, 2017",127.33,127.64,126.38,126.53
accenture,"JUNE 19, 2017",128.47,128.47,127.39,127.77
accenture,"JUNE 16, 2017",127.52,128.00,126.53,127.56
accenture,"JUNE 15, 2017",126.28,127.36,124.50,127.03
accenture,"JUNE 14, 2017",127.80,128.00,126.70,127.25
accenture,"JUNE 13, 2017",126.44,127.56,126.08,127.07
accenture,"JUNE 12, 2017",125.53,126.30,124.73,126.30
accenture,"JUNE 9, 2017",126.00,126.74,124.98,125.82
accenture,"JUNE 8, 2017",126.55,127.00,125.52,126.17
accenture,"JUNE 7, 2017",126.08,126.77,125.53,126.55
accenture,"JUNE 6, 2017",126.19,127.00,126.01,126.33
accenture,"JUNE 5, 2017",126.00,126.98,125.44,126.58
accenture,"JUNE 2, 2017",125.37,125.98,124.89,125.74
accenture,"JUNE 1, 2017",124.93,125.29,123.86,125.29
accenture,"MAY 31, 2017",124.00,124.60,123.53,124.47
accenture,"MAY 30, 2017",122.61,123.97,122.35,123.77
accenture,"MAY 26, 2017",122.94,123.11,122.52,122.89
accenture,"MAY 25, 2017",122.75,123.56,122.20,123.10
accenture,"MAY 24, 2017",120.43,122.15,120.30,121.95
accenture,"MAY 23, 2017",122.86,123.07,121.80,122.15
accenture,"MAY 22, 2017",121.60,122.84,121.22,122.71
accenture,"MAY 19, 2017",121.01,121.21,120.19,120.98
accenture,"MAY 18, 2017",120.86,121.03,119.41,120.40
accenture,"MAY 17, 2017",123.14,123.14,120.34,120.44
accenture,"MAY 16, 2017",122.69,123.31,122.22,123.14
accenture,"MAY 15, 2017",120.96,122.54,120.76,122.25
accenture,"MAY 12, 2017",120.38,121.50,120.38,120.96
accenture,"MAY 11, 2017",120.75,120.90,119.67,120.80
accenture,"MAY 10, 2017",121.07,121.37,120.56,121.20
accenture,"MAY 9, 2017",121.30,121.63,120.91,121.07
accenture,"MAY 8, 2017",121.10,121.52,120.76,121.11
accenture,"MAY 5, 2017",120.91,121.52,120.77,121.52
accenture,"MAY 4, 2017",120.75,120.99,120.22,120.82
accenture,"MAY 3, 2017",120.43,120.87,119.67,120.30
accenture,"MAY 2, 2017",121.29,121.71,120.21,120.68
accenture,"MAY 1, 2017",121.37,121.69,121.10,121.25
accenture,"APRIL 28, 2017",120.19,121.35,120.03,121.30
accenture,"APRIL 27, 2017",119.12,120.62,119.12,120.49
accenture,"APRIL 26, 2017",118.73,119.46,118.40,118.98
accenture,"APRIL 25, 2017",119.38,119.94,118.68,118.69
accenture,"APRIL 24, 2017",119.94,120.51,119.11,119.36
accenture,"APRIL 21, 2017",119.74,119.98,119.03,119.23
accenture,"APRIL 20, 2017",117.65,119.86,117.38,119.21
accenture,"APRIL 19, 2017",116.37,117.36,116.00,116.95
accenture,"APRIL 18, 2017",115.50,116.36,115.39,116.24
accenture,"APRIL 17, 2017",114.88,115.73,114.88,115.72
accenture,"APRIL 13, 2017",115.36,115.89,114.82,114.86
accenture,"APRIL 12, 2017",116.05,116.40,115.47,115.58
accenture,"APRIL 11, 2017",116.18,116.80,115.79,116.08
accenture,"APRIL 10, 2017",Dividend,,,
accenture,"APRIL 10, 2017",117.50,118.56,117.37,117.84
accenture,"APRIL 7, 2017",117.00,117.74,116.50,117.44
accenture,"APRIL 6, 2017",117.68,117.93,116.76,116.81
accenture,"APRIL 5, 2017",118.24,119.09,117.49,117.64
accenture,"APRIL 4, 2017",117.28,118.07,117.28,118.04
accenture,"APRIL 3, 2017",118.00,118.17,117.00,117.64
accenture,"MARCH 31, 2017",120.71,121.21,119.84,119.88
accenture,"MARCH 30, 2017",120.89,121.00,120.05,120.52
accenture,"MARCH 29, 2017",121.66,121.71,120.15,120.98
accenture,"MARCH 28, 2017",119.82,122.34,119.01,121.35
accenture,"MARCH 27, 2017",118.73,119.80,118.30,119.39
accenture,"MARCH 24, 2017",120.78,121.31,118.76,118.98
accenture,"MARCH 23, 2017",122.71,123.01,120.54,120.76
accenture,"MARCH 22, 2017",125.03,126.53,124.47,126.48
accenture,"MARCH 21, 2017",125.08,125.41,123.63,124.64
accenture,"MARCH 20, 2017",125.22,125.39,124.17,124.39
accenture,"MARCH 17, 2017",124.71,125.45,123.83,125.22
accenture,"MARCH 16, 2017",124.89,125.19,123.61,124.10
accenture,"MARCH 15, 2017",123.41,124.99,123.03,124.80
accenture,"MARCH 14, 2017",124.17,124.73,123.63,123.91
accenture,"MARCH 13, 2017",124.23,124.75,123.47,124.04
accenture,"MARCH 10, 2017",123.65,124.33,123.07,123.93
accenture,"MARCH 9, 2017",124.37,124.37,122.65,123.18
accenture,"MARCH 8, 2017",124.11,124.79,123.78,124.46
accenture,"MARCH 7, 2017",123.63,124.38,123.12,124.14
accenture,"MARCH 6, 2017",122.99,123.43,122.53,123.24
accenture,"MARCH 3, 2017",124.20,124.25,122.99,123.64
accenture,"MARCH 2, 2017",123.99,124.43,123.56,124.35
accenture,"MARCH 1, 2017",123.24,124.29,122.46,124.07
accenture,"FEBRUARY 28, 2017",122.75,123.09,121.93,122.50
accenture,"FEBRUARY 27, 2017",123.01,123.43,122.48,122.79
accenture,"FEBRUARY 24, 2017",122.00,123.43,121.60,123.43
accenture,"FEBRUARY 23, 2017",122.59,122.71,121.73,122.48
accenture,"FEBRUARY 22, 2017",121.66,122.88,121.58,122.21
accenture,"FEBRUARY 21, 2017",120.63,122.22,120.57,122.10
accenture,"FEBRUARY 17, 2017",120.51,121.29,120.10,121.23
accenture,"FEBRUARY 16, 2017",119.93,120.99,119.53,120.72
accenture,"FEBRUARY 15, 2017",119.61,120.17,119.30,119.93
accenture,"FEBRUARY 14, 2017",118.47,120.00,118.41,120.00
accenture,"FEBRUARY 13, 2017",117.90,118.95,117.73,118.59
accenture,"FEBRUARY 10, 2017",116.70,118.84,116.52,117.60
accenture,"FEBRUARY 9, 2017",115.43,117.46,115.43,116.98
accenture,"FEBRUARY 8, 2017",116.15,116.15,114.92,115.43
accenture,"FEBRUARY 7, 2017",114.95,116.17,114.95,115.92
accenture,"FEBRUARY 6, 2017",114.07,115.22,113.38,114.18
accenture,"FEBRUARY 3, 2017",114.00,114.83,113.34,114.49
accenture,"FEBRUARY 2, 2017",113.15,113.77,112.71,113.64
accenture,"FEBRUARY 1, 2017",113.80,114.77,112.31,113.21
accenture,"JANUARY 31, 2017",113.97,114.02,112.61,113.87
accenture,"JANUARY 30, 2017",115.32,115.33,113.41,114.63
accenture,"JANUARY 27, 2017",116.20,116.44,115.07,115.35
accenture,"JANUARY 26, 2017",116.99,117.44,115.62,115.93
accenture,"JANUARY 25, 2017",116.90,118.36,116.70,117.57
accenture,"JANUARY 24, 2017",115.20,116.64,114.84,116.48
accenture,"JANUARY 23, 2017",114.78,115.27,114.61,114.82
accenture,"JANUARY 20, 2017",115.88,116.25,114.81,115.07
accenture,"JANUARY 19, 2017",115.60,116.00,115.27,115.50
accenture,"JANUARY 18, 2017",116.54,116.95,115.74,115.95
accenture,"JANUARY 17, 2017",115.92,116.36,115.47,116.03
accenture,"JANUARY 13, 2017",115.35,117.44,115.35,116.95
accenture,"JANUARY 12, 2017",115.62,115.97,114.84,115.78
accenture,"JANUARY 11, 2017",115.40,116.26,114.91,116.12
accenture,"JANUARY 10, 2017",114.94,115.99,114.64,115.06
accenture,"JANUARY 9, 2017",116.14,116.35,114.92,115.00
accenture,"JANUARY 6, 2017",114.99,116.74,114.34,116.30
accenture,"JANUARY 5, 2017",116.98,117.14,114.95,114.99
accenture,"JANUARY 4, 2017",116.91,117.80,116.43,116.74
accenture,"JANUARY 3, 2017",117.38,117.81,115.82,116.46
accenture,"DECEMBER 30, 2016",117.56,117.95,116.59,117.13
accenture,"DECEMBER 29, 2016",116.98,117.98,116.51,117.01
accenture,"DECEMBER 28, 2016",118.00,118.00,116.09,116.61
accenture,"DECEMBER 27, 2016",117.36,118.48,117.21,117.55
accenture,"DECEMBER 23, 2016",117.40,118.21,117.11,117.48
accenture,"DECEMBER 22, 2016",118.06,118.63,117.01,117.79
accenture,"DECEMBER 21, 2016",118.55,119.98,117.60,117.90
accenture,"DECEMBER 20, 2016",124.04,124.27,123.01,124.10
accenture,"DECEMBER 19, 2016",123.23,124.44,123.16,123.65
accenture,"DECEMBER 16, 2016",124.58,125.16,122.44,123.00
accenture,"DECEMBER 15, 2016",123.45,125.28,123.26,124.55
accenture,"DECEMBER 14, 2016",125.25,125.65,123.43,123.65
accenture,"DECEMBER 13, 2016",123.80,125.72,123.68,125.40
accenture,"DECEMBER 12, 2016",122.86,123.79,122.60,123.61
accenture,"DECEMBER 9, 2016",121.33,123.46,120.86,123.31
accenture,"DECEMBER 8, 2016",121.67,122.39,121.27,121.74
accenture,"DECEMBER 7, 2016",118.65,121.65,118.45,121.57
accenture,"DECEMBER 6, 2016",118.13,118.89,117.73,118.41
accenture,"DECEMBER 5, 2016",117.86,118.58,117.29,117.72
accenture,"DECEMBER 2, 2016",117.63,118.25,116.17,117.29
accenture,"DECEMBER 1, 2016",119.50,120.05,117.12,117.66
accenture,"NOVEMBER 30, 2016",121.01,121.14,119.43,119.43
accenture,"NOVEMBER 29, 2016",120.74,121.53,120.37,120.94
accenture,"NOVEMBER 28, 2016",120.53,121.39,120.09,120.76
accenture,"NOVEMBER 25, 2016",119.90,120.78,119.59,120.74
accenture,"NOVEMBER 23, 2016",119.36,120.29,119.07,119.82
accenture,"NOVEMBER 22, 2016",119.92,120.39,119.32,119.48
accenture,"NOVEMBER 21, 2016",118.70,119.88,118.43,119.68
accenture,"NOVEMBER 18, 2016",118.25,118.56,117.87,118.43
accenture,"NOVEMBER 17, 2016",117.50,118.54,117.21,118.37
accenture,"NOVEMBER 16, 2016",116.19,118.03,115.76,117.32
accenture,"NOVEMBER 15, 2016",117.55,117.84,115.38,115.99
accenture,"NOVEMBER 14, 2016",119.17,119.59,116.20,117.25
accenture,"NOVEMBER 11, 2016",119.66,121.00,118.71,119.18
accenture,"NOVEMBER 10, 2016",117.34,120.80,117.29,120.33
accenture,"NOVEMBER 9, 2016",115.88,118.00,114.66,117.21
accenture,"NOVEMBER 8, 2016",119.90,121.00,119.51,119.81
accenture,"NOVEMBER 7, 2016",118.11,120.00,118.11,119.97
accenture,unknown,,,,
accenture,unknown,,,,
accenture,unknown,,,,
accenture,unknown,,,,
